[
  {
    "uid": 2,
    "name": "dsfggfgdsfs",
    "price": "444444444"
  },
  {
    "uid": 4,
    "name": "Smartwatch",
    "price": 80
  },
  {
    "uid": 5,
    "name": "Tablet",
    "price": 80
  },
  {
    "uid": 6,
    "name": "Bluetooth Speaker",
    "price": 80
  },
  {
    "uid": 7,
    "name": "Camera",
    "price": 40
  },
  {
    "uid": 8,
    "name": "Wireless Charger",
    "price": 100
  },
  {
    "uid": 9,
    "name": "Gaming Console",
    "price": 60
  },
  {
    "uid": 10,
    "name": "Monitor",
    "price": 70
  },
  {
    "uid": "11",
    "name": "shivangsi",
    "price": "788444"
  },
  {
    "uid": "125",
    "name": "sadasd",
    "price": "47444"
  },
  {
    "uid": "",
    "name": "",
    "price": ""
  }
]